Set echo on


-- Query to INSERT values in table F21_S001_6_SUBSCRIPTION_PLAN --

INSERT INTO F21_S001_6_SUBSCRIPTION_PLAN VALUES('sp100', 'Basic', '480P', '8.99', '12', '1');

INSERT INTO F21_S001_6_SUBSCRIPTION_PLAN VALUES('sp101', 'Standard', '1080P', '13.99', '12', '2');

INSERT INTO F21_S001_6_SUBSCRIPTION_PLAN VALUES('sp102', 'Premium', '4K', '17.99', '12', '4');


-- Query to INSERT values in table F21_S001_6_USERS --

INSERT INTO F21_S001_6_USERS VALUES('U00001', 'kenjenn31', 'kendall@gmail.com', 'Kendall', 'Jenner', 'F', '30-Oct-90', 'Mitchell', '223', 'Nazas', 'Durango', 'Mexico', 'sp101');

INSERT INTO F21_S001_6_USERS VALUES('U00002', 'piemorg37', 'organ@gmail.com', 'Piers', 'Morgan', 'M', '12-Oct-95', 'Cooper', '', 'Dallas', 'Texas', 'United States', 'sp100');

INSERT INTO F21_S001_6_USERS VALUES('U00003', 'casavei24', 'casaaveiro@gmail.com', 'Casa', 'Aveiro', 'M', '11-Apr-94', 'Fourth', '1337', 'Madrid', 'Madrid', 'Spain', 'sp101');

INSERT INTO F21_S001_6_USERS VALUES('U00004', 'danruga64', 'danielerug@gmail.com', 'Daniele', 'Rugani', 'M', '27-Apr-90', 'Inwood', '101', 'Nazas', 'Durango', 'Mexico', 'sp102');

INSERT INTO F21_S001_6_USERS VALUES('U00005', 'stestur16', 'stefanosturaro@gmail.com', 'Stefano', 'Sturaro', 'M', '17-Dec-92', 'Lemmon', '', 'Mumbai', 'Maharastra', 'India', 'sp101');

INSERT INTO F21_S001_6_USERS VALUES('U00006', 'alesand79', 'alexsandro@gmail.com', 'Alex', 'Sandro', 'M', '19-Jan-91', 'Ceder springs', '408', 'New York', 'New York', 'United States', 'sp101');

INSERT INTO F21_S001_6_USERS VALUES('U00007', 'patevra43', 'patriceevra@gmail.com', 'Patrice', 'Evra', 'M', '25-Jan-94', 'Division', '', 'New Delhi', 'New Delhi', 'India', 'sp100');

INSERT INTO F21_S001_6_USERS VALUES('U00008', 'kevboat80', 'kevinboateng@gmail.com', 'Kevin', 'Boateng', 'M', '17-Feb-93', 'Abram', '1227', 'Panaji', 'Goa', 'India', 'sp102');

INSERT INTO F21_S001_6_USERS VALUES('U00009', 'ricgoud18', 'richgoudis@gmail.com', 'Rich', 'Goudis', 'M', '17-May-92', 'First', '', 'Guntur', 'Andhra Pradesh', 'India', 'sp101');

INSERT INTO F21_S001_6_USERS VALUES('U00010', 'jambron90', 'jamesbron@gmail.com', 'James', 'Bron', 'M', '9-Aug-91', 'Taylor', '528', 'Mumbai', 'Maharastra', 'India', 'sp101');

INSERT INTO F21_S001_6_USERS VALUES('U00011', 'davadel7', 'davidadeleke@gmail.com', 'David', 'Adeleke', 'M', '28-Nov-96', 'Davis', '', 'Bangalore', 'Karnataka', 'India', 'sp101');

INSERT INTO F21_S001_6_USERS VALUES('U00012', 'pedregu44', 'pedrorefuge@gmail.com', 'Pedro', 'Regufe', 'M', '27-Sep-90', 'Lovers lane', '203', 'Phoenix', 'Arizona', 'United States', 'sp100');

INSERT INTO F21_S001_6_USERS VALUES('U00013', 'marsant99', 'marcinhasantos@gmail.com', 'Marcinha', 'Santos', 'M', '7-Jul-91', 'second', '106', 'Chennai', 'Tamilnadu', 'India', 'sp102');

INSERT INTO F21_S001_6_USERS VALUES('U00014', 'onocost72', 'onofrecosta@gmail.com', 'Onofre', 'Costa', 'M', '17-Oct-93', 'Elm', '', 'New York', 'New York', 'United States', 'sp101');

INSERT INTO F21_S001_6_USERS VALUES('U00015', 'katavei87', 'katiaaveiro@gmail.com', 'Katia', 'Aveiro', 'F', '19-Oct-95', 'Pine', '', 'Los Angeles', 'California', 'United States', 'sp101');

INSERT INTO F21_S001_6_USERS VALUES('U00016', 'alvmora38', 'alvaromorata@gmail.com', 'Alvaro', 'Morata', 'F', '17-Jun-85', 'Amli on maple', '305', 'Chennai', 'Tamilnadu', 'India', 'sp102');

INSERT INTO F21_S001_6_USERS VALUES('U00017', 'andsilv94', 'andresilva@gmail.com', 'Andre', 'Silva', 'F', '17-May-89', 'Oak', '', 'Bangalore', 'Karnataka', 'India', 'sp101');

INSERT INTO F21_S001_6_USERS VALUES('U00018', 'enzzida21', 'enzozidane@gmail.com', 'Enzo', 'Zidane', 'M', '12-Apr-70', 'Lake', '', 'Los Angeles', 'California', 'United States', 'sp100');

INSERT INTO F21_S001_6_USERS VALUES('U00019', 'ricreis85', 'richardreis@gmail.com', 'Richard', 'Reis', 'M', '30-Dec-75', 'Mill', '', 'Phoenix', 'Arizona', 'United States', 'sp102');

INSERT INTO F21_S001_6_USERS VALUES('U00020', 'dildani97', 'dillondanis@gmail.com', 'Dillon', 'Danis', 'M', '23-Dec-89', 'Third', '2221', 'Mumbai', 'Maharastra', 'India', 'sp101');

INSERT INTO F21_S001_6_USERS VALUES('U00021', 'selreve35', 'selvarevera@gmail.com', 'Selva', 'Revera', 'M', '19-Feb-98', '', '', 'Arlington', 'Texas', 'United States', 'sp102');

INSERT INTO F21_S001_6_USERS VALUES('U00022', 'bragibs68', 'brandgibson@gmail.com', 'Brand', 'Gibson', 'M', '10-Jan-74', '', '110', 'Hyderabad', 'Telangana', 'India', 'sp100');

INSERT INTO F21_S001_6_USERS VALUES('U00023', 'milsako59', 'milinasakova@gmail.com', 'Milina', 'Sakova', 'F', '19-Jul-93', '', '', 'Hyderabad', 'Telangana', 'India', 'sp101');

INSERT INTO F21_S001_6_USERS VALUES('U00024', 'radkher5', 'radhika1999@gmail..com', 'Radhika', 'Khera', 'F', '11-Nov-99', '', '207', 'Pune', 'Maharastra', 'India', 'sp102');

INSERT INTO F21_S001_6_USERS VALUES('U00025', 'evamaki58', 'evamaki@gmail.com', 'Eva', 'Maki', 'F', '20-Aug-96', '', '', 'Phoenix', 'Arizona', 'United States', 'sp100');

INSERT INTO F21_S001_6_USERS VALUES('U00026', 'risrama55', 'rishika995@gmail.com', 'Rishika', 'Ramaswamy', 'F', '28-Mar-95', '', '136', 'Hyderabad', 'Telangana', 'India', 'sp101');

INSERT INTO F21_S001_6_USERS VALUES('U00027', 'jacrao82', 'send2jacob@gmai.com', 'Jacob', 'Rao', 'M', '31-Dec-94', '', '', 'Bangalore', 'Karnataka', 'India', 'sp102');

INSERT INTO F21_S001_6_USERS VALUES('U00028', 'aarhenr99', 'meetaaron@gmail.com', 'Aaron', 'Henry', 'M', '28-Sep-89', '', '1537', 'Austin', 'Texas', 'United States', 'sp102');

INSERT INTO F21_S001_6_USERS VALUES('U00029', 'jacfran17', 'jacobfrank@gmail.com', 'Jacon', 'Frank', 'M', '8-Mar-86', '', '', 'Phoenix', 'Arizona', 'United States', 'sp100');

INSERT INTO F21_S001_6_USERS VALUES('U00030', 'tanrana75', 'tanurana@gmail.com', 'Tanu', 'Rana', 'F', '15-Mar-96', '', '104', 'Hyderabad', 'Telangana', 'India', 'sp101');



-- Query to INSERT values in table F21_S001_6_USERS_TELEPHONE --

INSERT INTO F21_S001_6_USERS_TELEPHONE VALUES('U00001', '5623145897');

INSERT INTO F21_S001_6_USERS_TELEPHONE VALUES('U00001', '5623145896');

INSERT INTO F21_S001_6_USERS_TELEPHONE VALUES('U00002', '5623145891');

INSERT INTO F21_S001_6_USERS_TELEPHONE VALUES('U00003', '5623145892');

INSERT INTO F21_S001_6_USERS_TELEPHONE VALUES('U00004', '5623145893');

INSERT INTO F21_S001_6_USERS_TELEPHONE VALUES('U00004', '5623145894');

INSERT INTO F21_S001_6_USERS_TELEPHONE VALUES('U00006', '5623145895');

INSERT INTO F21_S001_6_USERS_TELEPHONE VALUES('U00007', '5623145898');

INSERT INTO F21_S001_6_USERS_TELEPHONE VALUES('U00008', '5623145899');

INSERT INTO F21_S001_6_USERS_TELEPHONE VALUES('U00008', '5623145810');

INSERT INTO F21_S001_6_USERS_TELEPHONE VALUES('U00010', '5623145811');

INSERT INTO F21_S001_6_USERS_TELEPHONE VALUES('U00011', '5623145812');

INSERT INTO F21_S001_6_USERS_TELEPHONE VALUES('U00011', '5623145813');

INSERT INTO F21_S001_6_USERS_TELEPHONE VALUES('U00013', '5623145814');

INSERT INTO F21_S001_6_USERS_TELEPHONE VALUES('U00014', '5623145815');

INSERT INTO F21_S001_6_USERS_TELEPHONE VALUES('U00014', '5623145816');

INSERT INTO F21_S001_6_USERS_TELEPHONE VALUES('U00016', '5623145817');

INSERT INTO F21_S001_6_USERS_TELEPHONE VALUES('U00017', '5623145218');

INSERT INTO F21_S001_6_USERS_TELEPHONE VALUES('U00018', '5623415219');

INSERT INTO F21_S001_6_USERS_TELEPHONE VALUES('U00019', '6589563214');

INSERT INTO F21_S001_6_USERS_TELEPHONE VALUES('U00020', '6589563215');

INSERT INTO F21_S001_6_USERS_TELEPHONE VALUES('U00020', '6588563215');

INSERT INTO F21_S001_6_USERS_TELEPHONE VALUES('U00023', '7589563215');

INSERT INTO F21_S001_6_USERS_TELEPHONE VALUES('U00023', '7589553215');

INSERT INTO F21_S001_6_USERS_TELEPHONE VALUES('U00024', '7589233215');

INSERT INTO F21_S001_6_USERS_TELEPHONE VALUES('U00025', '9589233215');

INSERT INTO F21_S001_6_USERS_TELEPHONE VALUES('U00027', '2149233215');

INSERT INTO F21_S001_6_USERS_TELEPHONE VALUES('U00027', '6829233215');

INSERT INTO F21_S001_6_USERS_TELEPHONE VALUES('U00028', '8589233215');

INSERT INTO F21_S001_6_USERS_TELEPHONE VALUES('U00029', '7589253215');


-- Query to INSERT values in table F21_S001_6_ACTIVITY_LOG --


/* INSERT QUERY NO: 1 */
INSERT INTO F21_S001_6_ACTIVITY_LOG(activityid, activity_type, activity_date_time, userid)
VALUES
(
'A0001', 'Login', '21-Mar-2020 02:00:00PM', 'U00008'
);

/* INSERT QUERY NO: 2 */
INSERT INTO F21_S001_6_ACTIVITY_LOG(activityid, activity_type, activity_date_time, userid)
VALUES
(
'A0002', 'Login', '09-Apr-2020 02:00:00PM', 'U00010'
);

/* INSERT QUERY NO: 3 */
INSERT INTO F21_S001_6_ACTIVITY_LOG(activityid, activity_type, activity_date_time, userid)
VALUES
(
'A0003', 'Watching', '30-May-2020 02:00:00PM', 'U00010'
);

/* INSERT QUERY NO: 4 */
INSERT INTO F21_S001_6_ACTIVITY_LOG(activityid, activity_type, activity_date_time, userid)
VALUES
(
'A0004', 'Watching', '09-Jun-2020 02:00:00PM', 'U00008'
);

/* INSERT QUERY NO: 5 */
INSERT INTO F21_S001_6_ACTIVITY_LOG(activityid, activity_type, activity_date_time, userid)
VALUES
(
'A0005', 'Login', '17-Jul-2020 02:00:00PM', 'U00019'
);

/* INSERT QUERY NO: 6 */
INSERT INTO F21_S001_6_ACTIVITY_LOG(activityid, activity_type, activity_date_time, userid)
VALUES
(
'A0006', 'logout', '31-Aug-2020 02:00:00PM', 'U00010'
);

/* INSERT QUERY NO: 7 */
INSERT INTO F21_S001_6_ACTIVITY_LOG(activityid, activity_type, activity_date_time, userid)
VALUES
(
'A0007', 'logout', '23-Sep-2020 02:00:00PM', 'U00019'
);

/* INSERT QUERY NO: 8 */
INSERT INTO F21_S001_6_ACTIVITY_LOG(activityid, activity_type, activity_date_time, userid)
VALUES
(
'A0008', 'Login', '12-Oct-2020 02:00:00PM', 'U00001'
);

/* INSERT QUERY NO: 9 */
INSERT INTO F21_S001_6_ACTIVITY_LOG(activityid, activity_type, activity_date_time, userid)
VALUES
(
'A0009', 'logout', '01-Nov-2020 02:00:00PM', 'U00008'
);

/* INSERT QUERY NO: 10 */
INSERT INTO F21_S001_6_ACTIVITY_LOG(activityid, activity_type, activity_date_time, userid)
VALUES
(
'A0010', 'Account Creation', '13-Jan-2020 02:00:00PM', 'U00020'
);

/* INSERT QUERY NO: 11 */
INSERT INTO F21_S001_6_ACTIVITY_LOG(activityid, activity_type, activity_date_time, userid)
VALUES
(
'A0011', 'Login', '29-Feb-2020 02:00:00PM', 'U00004'
);

/* INSERT QUERY NO: 12 */
INSERT INTO F21_S001_6_ACTIVITY_LOG(activityid, activity_type, activity_date_time, userid)
VALUES
(
'A0012', 'Watching', '21-Mar-2020 02:00:00PM', 'U00001'
);

/* INSERT QUERY NO: 13 */
INSERT INTO F21_S001_6_ACTIVITY_LOG(activityid, activity_type, activity_date_time, userid)
VALUES
(
'A0013', 'Login', '09-Apr-2020 02:00:00PM', 'U00020'
);

/* INSERT QUERY NO: 14 */
INSERT INTO F21_S001_6_ACTIVITY_LOG(activityid, activity_type, activity_date_time, userid)
VALUES
(
'A0014', 'logout', '30-May-2020 02:00:00PM', 'U00020'
);

/* INSERT QUERY NO: 15 */
INSERT INTO F21_S001_6_ACTIVITY_LOG(activityid, activity_type, activity_date_time, userid)
VALUES
(
'A0015', 'Login', '2020-Jun-2020 02:00:00PM', 'U00003'
);

/* INSERT QUERY NO: 16 */
INSERT INTO F21_S001_6_ACTIVITY_LOG(activityid, activity_type, activity_date_time, userid)
VALUES
(
'A0016', 'logout', '17-Jul-2020 02:00:00PM', 'U00001'
);

/* INSERT QUERY NO: 17 */
INSERT INTO F21_S001_6_ACTIVITY_LOG(activityid, activity_type, activity_date_time, userid)
VALUES
(
'A0017', 'Watching', '31-Aug-2020 02:00:00PM', 'U00003'
);

/* INSERT QUERY NO: 18 */
INSERT INTO F21_S001_6_ACTIVITY_LOG(activityid, activity_type, activity_date_time, userid)
VALUES
(
'A0018', 'Login', '23-Sep-2020 02:00:00PM', 'U00009'
);

/* INSERT QUERY NO: 19 */
INSERT INTO F21_S001_6_ACTIVITY_LOG(activityid, activity_type, activity_date_time, userid)
VALUES
(
'A0019', 'Watching', '12-Oct-2020 02:00:00PM', 'U00004'
);

/* INSERT QUERY NO: 20 */
INSERT INTO F21_S001_6_ACTIVITY_LOG(activityid, activity_type, activity_date_time, userid)
VALUES
(
'A0020', 'Login', '01-Nov-2020 02:00:00PM', 'U00018'
);

/* INSERT QUERY NO: 21 */
INSERT INTO F21_S001_6_ACTIVITY_LOG(activityid, activity_type, activity_date_time, userid)
VALUES
(
'A0021', 'logout', '13-Jan-2020 02:00:00PM', 'U00004'
);

/* INSERT QUERY NO: 22 */
INSERT INTO F21_S001_6_ACTIVITY_LOG(activityid, activity_type, activity_date_time, userid)
VALUES
(
'A0022', 'Watching', '26-Nov-2020 02:00:00PM', 'U00008'
);

/* INSERT QUERY NO: 23 */
INSERT INTO F21_S001_6_ACTIVITY_LOG(activityid, activity_type, activity_date_time, userid)
VALUES
(
'A0023', 'Watching', '27-Nov-2020 02:00:00PM', 'U00018'
);

/* INSERT QUERY NO: 24 */
INSERT INTO F21_S001_6_ACTIVITY_LOG(activityid, activity_type, activity_date_time, userid)
VALUES
(
'A0024', 'Account Creation', '26-Nov-2020 02:00:00PM', 'U00005'
);

/* INSERT QUERY NO: 25 */
INSERT INTO F21_S001_6_ACTIVITY_LOG(activityid, activity_type, activity_date_time, userid)
VALUES
(
'A0025', 'Login', '26-Nov-2020 02:00:00PM', 'U00007'
);

/* INSERT QUERY NO: 26 */
INSERT INTO F21_S001_6_ACTIVITY_LOG(activityid, activity_type, activity_date_time, userid)
VALUES
(
'A0026', 'Watching', '07-Sep-2020 02:00:00PM', 'U00007'
);

/* INSERT QUERY NO: 27 */
INSERT INTO F21_S001_6_ACTIVITY_LOG(activityid, activity_type, activity_date_time, userid)
VALUES
(
'A0027', 'Login', '07-Sep-2020 02:00:00PM', 'U00002'
);

/* INSERT QUERY NO: 28 */
INSERT INTO F21_S001_6_ACTIVITY_LOG(activityid, activity_type, activity_date_time, userid)
VALUES
(
'A0028', 'Account Creation', '07-Sep-2020 02:00:00PM', 'U00006'
);

/* INSERT QUERY NO: 29 */
INSERT INTO F21_S001_6_ACTIVITY_LOG(activityid, activity_type, activity_date_time, userid)
VALUES
(
'A0029', 'Login', '07-Sep-2020 02:00:00PM', 'U00012'
);

/* INSERT QUERY NO: 30 */
INSERT INTO F21_S001_6_ACTIVITY_LOG(activityid, activity_type, activity_date_time, userid)
VALUES
(
'A0030', 'Account Creation', '25-May-2020 02:00:00PM', 'U00016'
);

/* INSERT QUERY NO: 31 */
INSERT INTO F21_S001_6_ACTIVITY_LOG(activityid, activity_type, activity_date_time, userid)
VALUES
(
'A0031', 'Watching', '25-May-2020 02:00:00PM', 'U00012'
);

/* INSERT QUERY NO: 32 */
INSERT INTO F21_S001_6_ACTIVITY_LOG(activityid, activity_type, activity_date_time, userid)
VALUES
(
'A0032', 'Watching', '25-May-2020 02:00:00PM', 'U00002'
);

/* INSERT QUERY NO: 33 */
INSERT INTO F21_S001_6_ACTIVITY_LOG(activityid, activity_type, activity_date_time, userid)
VALUES
(
'A0033', 'logout', '26-Jan-2020 02:00:00PM', 'U00012'
);

/* INSERT QUERY NO: 34 */
INSERT INTO F21_S001_6_ACTIVITY_LOG(activityid, activity_type, activity_date_time, userid)
VALUES
(
'A0034', 'logout', '26-Jan-2020 02:00:00PM', 'U00002'
);

/* INSERT QUERY NO: 35 */
INSERT INTO F21_S001_6_ACTIVITY_LOG(activityid, activity_type, activity_date_time, userid)
VALUES
(
'A0035', 'logout', '26-Jan-2020 02:00:00PM', 'U00003'
);

/* INSERT QUERY NO: 36 */
INSERT INTO F21_S001_6_ACTIVITY_LOG(activityid, activity_type, activity_date_time, userid)
VALUES
(
'A0036', 'Login', '02-Oct-2020 02:00:00PM', 'U00014'
);

/* INSERT QUERY NO: 37 */
INSERT INTO F21_S001_6_ACTIVITY_LOG(activityid, activity_type, activity_date_time, userid)
VALUES
(
'A0037', 'Account Creation', '07-Sep-2020 02:00:00PM', 'U00008'
);

/* INSERT QUERY NO: 38 */
INSERT INTO F21_S001_6_ACTIVITY_LOG(activityid, activity_type, activity_date_time, userid)
VALUES
(
'A0038', 'Watching', '07-Sep-2020 02:00:00PM', 'U00014'
);

/* INSERT QUERY NO: 39 */
INSERT INTO F21_S001_6_ACTIVITY_LOG(activityid, activity_type, activity_date_time, userid)
VALUES
(
'A0039', 'Watching', '07-Sep-2020 02:00:00PM', 'U00014'
);

/* INSERT QUERY NO: 40 */
INSERT INTO F21_S001_6_ACTIVITY_LOG(activityid, activity_type, activity_date_time, userid)
VALUES
(
'A0040', 'Login', '07-Sep-2020 02:00:00PM', 'U00011'
);

/* INSERT QUERY NO: 41 */
INSERT INTO F21_S001_6_ACTIVITY_LOG(activityid, activity_type, activity_date_time, userid)
VALUES
(
'A0041', 'Account Creation', '25-May-2020 02:00:00PM', 'U00017'
);

/* INSERT QUERY NO: 42 */
INSERT INTO F21_S001_6_ACTIVITY_LOG(activityid, activity_type, activity_date_time, userid)
VALUES
(
'A0042', 'Watching', '25-May-2020 02:00:00PM', 'U00011'
);

/* INSERT QUERY NO: 43 */
INSERT INTO F21_S001_6_ACTIVITY_LOG(activityid, activity_type, activity_date_time, userid)
VALUES
(
'A0043', 'Watching', '25-May-2020 02:00:00PM', 'U00011'
);

/* INSERT QUERY NO: 44 */
INSERT INTO F21_S001_6_ACTIVITY_LOG(activityid, activity_type, activity_date_time, userid)
VALUES
(
'A0044', 'Watching', '26-Jan-2020 02:00:00PM', 'U00011'
);

/* INSERT QUERY NO: 45 */
INSERT INTO F21_S001_6_ACTIVITY_LOG(activityid, activity_type, activity_date_time, userid)
VALUES
(
'A0045', 'Login', '26-Jan-2020 02:00:00PM', 'U00013'
);

/* INSERT QUERY NO: 46 */
INSERT INTO F21_S001_6_ACTIVITY_LOG(activityid, activity_type, activity_date_time, userid)
VALUES
(
'A0046', 'Login', '26-Jan-2020 02:00:00PM', 'U00015'
);

/* INSERT QUERY NO: 47 */
INSERT INTO F21_S001_6_ACTIVITY_LOG(activityid, activity_type, activity_date_time, userid)
VALUES
(
'A0047', 'Watching', '02-Oct-2020 02:00:00PM', 'U00013'
);

/* INSERT QUERY NO: 48 */
INSERT INTO F21_S001_6_ACTIVITY_LOG(activityid, activity_type, activity_date_time, userid)
VALUES
(
'A0048', 'Watching', '02-Oct-2020 02:00:00PM', 'U00013'
);

/* INSERT QUERY NO: 49 */
INSERT INTO F21_S001_6_ACTIVITY_LOG(activityid, activity_type, activity_date_time, userid)
VALUES
(
'A0049', 'Watching', '02-Oct-2020 02:00:00PM', 'U00015'
);

/* INSERT QUERY NO: 50 */
INSERT INTO F21_S001_6_ACTIVITY_LOG(activityid, activity_type, activity_date_time, userid)
VALUES
(
'A0050', 'Watching', '02-Oct-2020 02:00:00PM', 'U00013'
);

/* INSERT QUERY NO: 51 */
INSERT INTO F21_S001_6_ACTIVITY_LOG(activityid, activity_type, activity_date_time, userid)
VALUES
(
'A0051', 'Watching', '14-Nov-2020 02:00:00PM', 'U00013'
);

/* INSERT QUERY NO: 52 */
INSERT INTO F21_S001_6_ACTIVITY_LOG(activityid, activity_type, activity_date_time, userid)
VALUES
(
'A0052', 'logout', '09-Jun-2020 02:00:00PM', 'U00011'
);

/* INSERT QUERY NO: 53 */
INSERT INTO F21_S001_6_ACTIVITY_LOG(activityid, activity_type, activity_date_time, userid)
VALUES
(
'A0053', 'logout', '17-Jul-2020 02:00:00PM', 'U00013'
);

/* INSERT QUERY NO: 54 */
INSERT INTO F21_S001_6_ACTIVITY_LOG(activityid, activity_type, activity_date_time, userid)
VALUES
(
'A0054', 'logout', '31-Aug-2020 02:00:00PM', 'U00015'
);

/* INSERT QUERY NO: 55 */
INSERT INTO F21_S001_6_ACTIVITY_LOG(activityid, activity_type, activity_date_time, userid)
VALUES
(
'A0055', 'Watching', '26-Nov-2020 02:00:00PM', 'U00010'
);

/* INSERT QUERY NO: 56 */
INSERT INTO F21_S001_6_ACTIVITY_LOG(activityid, activity_type, activity_date_time, userid)
VALUES
(
'A0056', 'Watching', '27-Nov-2020 02:00:00PM', 'U00008'
);

/* INSERT QUERY NO: 57 */
INSERT INTO F21_S001_6_ACTIVITY_LOG(activityid, activity_type, activity_date_time, userid)
VALUES
(
'A0057', 'Watching', '28-Nov-2020 02:00:00PM', 'U00001'
);

/* INSERT QUERY NO: 58 */
INSERT INTO F21_S001_6_ACTIVITY_LOG(activityid, activity_type, activity_date_time, userid)
VALUES
(
'A0058', 'Watching', '29-Nov-2020 02:00:00PM', 'U00003'
);

/* INSERT QUERY NO: 59 */
INSERT INTO F21_S001_6_ACTIVITY_LOG(activityid, activity_type, activity_date_time, userid)
VALUES
(
'A0059', 'Watching', '25-Dec-2020 02:00:00PM', 'U00004'
);

/* INSERT QUERY NO: 60 */
INSERT INTO F21_S001_6_ACTIVITY_LOG(activityid, activity_type, activity_date_time, userid)
VALUES
(
'A0060', 'Watching', '26-Dec-2020 02:00:00PM', 'U00008'
);

/* INSERT QUERY NO: 61 */
INSERT INTO F21_S001_6_ACTIVITY_LOG(activityid, activity_type, activity_date_time, userid)
VALUES
(
'A0061', 'Watching', '27-Dec-2020 02:00:00PM', 'U00018'
);

/* INSERT QUERY NO: 62 */
INSERT INTO F21_S001_6_ACTIVITY_LOG(activityid, activity_type, activity_date_time, userid)
VALUES
(
'A0062', 'Watching', '28-Dec-2020 02:00:00PM', 'U00007'
);

/* INSERT QUERY NO: 63 */
INSERT INTO F21_S001_6_ACTIVITY_LOG(activityid, activity_type, activity_date_time, userid)
VALUES
(
'A0063', 'Watching', '30-Dec-2020 02:00:00PM', 'U00012'
);

/* INSERT QUERY NO: 64 */
INSERT INTO F21_S001_6_ACTIVITY_LOG(activityid, activity_type, activity_date_time, userid)
VALUES
(
'A0064', 'Watching', '31-Dec-2020 02:00:00PM', 'U00002'
);

/* INSERT QUERY NO: 65 */
INSERT INTO F21_S001_6_ACTIVITY_LOG(activityid, activity_type, activity_date_time, userid)
VALUES
(
'A0065', 'Watching', '31-Dec-2020 02:00:00PM', 'U00014'
);

/* INSERT QUERY NO: 66 */
INSERT INTO F21_S001_6_ACTIVITY_LOG(activityid, activity_type, activity_date_time, userid)
VALUES
(
'A0066', 'Watching', '30-Dec-2020 02:00:00PM', 'U00014'
);

/* INSERT QUERY NO: 67 */
INSERT INTO F21_S001_6_ACTIVITY_LOG(activityid, activity_type, activity_date_time, userid)
VALUES
(
'A0067', 'Watching', '26-Nov-2020 02:00:00PM', 'U00011'
);

/* INSERT QUERY NO: 68 */
INSERT INTO F21_S001_6_ACTIVITY_LOG(activityid, activity_type, activity_date_time, userid)
VALUES
(
'A0068', 'Watching', '27-Nov-2020 02:00:00PM', 'U00011'
);

/* INSERT QUERY NO: 69 */
INSERT INTO F21_S001_6_ACTIVITY_LOG(activityid, activity_type, activity_date_time, userid)
VALUES
(
'A0069', 'Watching', '26-Nov-2020 02:00:00PM', 'U00011'
);

/* INSERT QUERY NO: 70 */
INSERT INTO F21_S001_6_ACTIVITY_LOG(activityid, activity_type, activity_date_time, userid)
VALUES
(
'A0070', 'Watching', '26-Nov-2020 02:00:00PM', 'U00013'
);

/* INSERT QUERY NO: 71 */
INSERT INTO F21_S001_6_ACTIVITY_LOG(activityid, activity_type, activity_date_time, userid)
VALUES
(
'A0071', 'Watching', '07-Sep-2020 02:00:00PM', 'U00013'
);

/* INSERT QUERY NO: 72 */
INSERT INTO F21_S001_6_ACTIVITY_LOG(activityid, activity_type, activity_date_time, userid)
VALUES
(
'A0072', 'Watching', '07-Sep-2020 02:00:00PM', 'U00015'
);

/* INSERT QUERY NO: 73 */
INSERT INTO F21_S001_6_ACTIVITY_LOG(activityid, activity_type, activity_date_time, userid)
VALUES
(
'A0073', 'Watching', '07-Sep-2020 02:00:00PM', 'U00013'
);

/* INSERT QUERY NO: 74 */
INSERT INTO F21_S001_6_ACTIVITY_LOG(activityid, activity_type, activity_date_time, userid)
VALUES
(
'A0074', 'Watching', '07-Sep-2020 02:00:00PM', 'U00013'
);

/* INSERT QUERY NO: 75 */
INSERT INTO F21_S001_6_ACTIVITY_LOG(activityid, activity_type, activity_date_time, userid)
VALUES
(
'A0075', 'Watching', '25-May-2020 02:00:00PM', 'U00014'
);

/* INSERT QUERY NO: 76 */
INSERT INTO F21_S001_6_ACTIVITY_LOG(activityid, activity_type, activity_date_time, userid)
VALUES
(
'A0076', 'Watching', '25-May-2020 02:00:00PM', 'U00015'
);

/* INSERT QUERY NO: 77 */
INSERT INTO F21_S001_6_ACTIVITY_LOG(activityid, activity_type, activity_date_time, userid)
VALUES
(
'A0077', 'Watching', '25-May-2020 02:00:00PM', 'U00016'
);

/* INSERT QUERY NO: 78 */
INSERT INTO F21_S001_6_ACTIVITY_LOG(activityid, activity_type, activity_date_time, userid)
VALUES
(
'A0078', 'Watching', '26-Jan-2020 02:00:00PM', 'U00017'
);

/* INSERT QUERY NO: 79 */
INSERT INTO F21_S001_6_ACTIVITY_LOG(activityid, activity_type, activity_date_time, userid)
VALUES
(
'A0079', 'Watching', '26-Jan-2020 02:00:00PM', 'U00018'
);

/* INSERT QUERY NO: 80 */
INSERT INTO F21_S001_6_ACTIVITY_LOG(activityid, activity_type, activity_date_time, userid)
VALUES
(
'A0080', 'Watching', '26-Jan-2020 02:00:00PM', 'U00019'
);

/* INSERT QUERY NO: 81 */
INSERT INTO F21_S001_6_ACTIVITY_LOG(activityid, activity_type, activity_date_time, userid)
VALUES
(
'A0081', 'Watching', '02-Oct-2020 02:00:00PM', 'U00020'
);

/* INSERT QUERY NO: 82 */
INSERT INTO F21_S001_6_ACTIVITY_LOG(activityid, activity_type, activity_date_time, userid)
VALUES
(
'A0082', 'Watching', '02-Oct-2020 02:00:00PM', 'U00021'
);

/* INSERT QUERY NO: 83 */
INSERT INTO F21_S001_6_ACTIVITY_LOG(activityid, activity_type, activity_date_time, userid)
VALUES
(
'A0083', 'Watching', '02-Oct-2020 02:00:00PM', 'U00022'
);

/* INSERT QUERY NO: 84 */
INSERT INTO F21_S001_6_ACTIVITY_LOG(activityid, activity_type, activity_date_time, userid)
VALUES
(
'A0084', 'Watching', '02-Oct-2020 02:00:00PM', 'U00023'
);

/* INSERT QUERY NO: 85 */
INSERT INTO F21_S001_6_ACTIVITY_LOG(activityid, activity_type, activity_date_time, userid)
VALUES
(
'A0085', 'Watching', '14-Nov-2020 02:00:00PM', 'U00024'
);

/* INSERT QUERY NO: 86 */
INSERT INTO F21_S001_6_ACTIVITY_LOG(activityid, activity_type, activity_date_time, userid)
VALUES
(
'A0086', 'Watching', '14-Nov-2020 02:00:00PM', 'U00025'
);

/* INSERT QUERY NO: 87 */
INSERT INTO F21_S001_6_ACTIVITY_LOG(activityid, activity_type, activity_date_time, userid)
VALUES
(
'A0087', 'Watching', '29-Feb-2020 02:00:00PM', 'U00026'
);

/* INSERT QUERY NO: 88 */
INSERT INTO F21_S001_6_ACTIVITY_LOG(activityid, activity_type, activity_date_time, userid)
VALUES
(
'A0088', 'Watching', '21-Mar-2020 02:00:00PM', 'U00027'
);

/* INSERT QUERY NO: 89 */
INSERT INTO F21_S001_6_ACTIVITY_LOG(activityid, activity_type, activity_date_time, userid)
VALUES
(
'A0089', 'Watching', '09-Apr-2020 02:00:00PM', 'U00028'
);

/* INSERT QUERY NO: 90 */
INSERT INTO F21_S001_6_ACTIVITY_LOG(activityid, activity_type, activity_date_time, userid)
VALUES
(
'A0090', 'Watching', '30-May-2020 02:00:00PM', 'U00029'
);

/* INSERT QUERY NO: 91 */
INSERT INTO F21_S001_6_ACTIVITY_LOG(activityid, activity_type, activity_date_time, userid)
VALUES
(
'A0091', 'Watching', '09-Jun-2020 02:00:00PM', 'U00030'
);

/* INSERT QUERY NO: 92 */
INSERT INTO F21_S001_6_ACTIVITY_LOG(activityid, activity_type, activity_date_time, userid)
VALUES
(
'A0092', 'Watching', '17-Jul-2020 02:00:00PM', 'U00021'
);

/* INSERT QUERY NO: 93 */
INSERT INTO F21_S001_6_ACTIVITY_LOG(activityid, activity_type, activity_date_time, userid)
VALUES
(
'A0093', 'Watching', '31-Aug-2020 02:00:00PM', 'U00004'
);

/* INSERT QUERY NO: 94 */
INSERT INTO F21_S001_6_ACTIVITY_LOG(activityid, activity_type, activity_date_time, userid)
VALUES
(
'A0094', 'Watching', '23-Sep-2020 02:00:00PM', 'U00003'
);

/* INSERT QUERY NO: 95 */
INSERT INTO F21_S001_6_ACTIVITY_LOG(activityid, activity_type, activity_date_time, userid)
VALUES
(
'A0095', 'Watching', '12-Oct-2020 02:00:00PM', 'U00006'
);

/* INSERT QUERY NO: 96 */
INSERT INTO F21_S001_6_ACTIVITY_LOG(activityid, activity_type, activity_date_time, userid)
VALUES
(
'A0096', 'Watching', '01-Nov-2020 02:00:00PM', 'U00007'
);

/* INSERT QUERY NO: 97 */
INSERT INTO F21_S001_6_ACTIVITY_LOG(activityid, activity_type, activity_date_time, userid)
VALUES
(
'A0097', 'Watching', '13-Jan-2020 02:00:00PM', 'U00008'
);

/* INSERT QUERY NO: 98 */
INSERT INTO F21_S001_6_ACTIVITY_LOG(activityid, activity_type, activity_date_time, userid)
VALUES
(
'A0098', 'Watching', '29-Feb-2020 02:00:00PM', 'U00009'
);

/* INSERT QUERY NO: 99 */
INSERT INTO F21_S001_6_ACTIVITY_LOG(activityid, activity_type, activity_date_time, userid)
VALUES
(
'A0099', 'Watching', '21-Mar-2020 02:00:00PM', 'U00010'
);

/* INSERT QUERY NO: 100 */
INSERT INTO F21_S001_6_ACTIVITY_LOG(activityid, activity_type, activity_date_time, userid)
VALUES
(
'A0100', 'Watching', '09-Apr-2020 02:00:00PM', 'U00012'
);

/* INSERT QUERY NO: 101 */
INSERT INTO F21_S001_6_ACTIVITY_LOG(activityid, activity_type, activity_date_time, userid)
VALUES
(
'A0101', 'Watching', '30-May-2020 02:00:00PM', 'U00015'
);

/* INSERT QUERY NO: 102 */
INSERT INTO F21_S001_6_ACTIVITY_LOG(activityid, activity_type, activity_date_time, userid)
VALUES
(
'A0102', 'Watching', '09-Jun-2020 02:00:00PM', 'U00016'
);

/* INSERT QUERY NO: 103 */
INSERT INTO F21_S001_6_ACTIVITY_LOG(activityid, activity_type, activity_date_time, userid)
VALUES
(
'A0103', 'Watching', '17-Jul-2020 02:00:00PM', 'U00017'
);

/* INSERT QUERY NO: 104 */
INSERT INTO F21_S001_6_ACTIVITY_LOG(activityid, activity_type, activity_date_time, userid)
VALUES
(
'A0104', 'Watching', '31-Aug-2020 02:00:00PM', 'U00018'
);

/* INSERT QUERY NO: 105 */
INSERT INTO F21_S001_6_ACTIVITY_LOG(activityid, activity_type, activity_date_time, userid)
VALUES
(
'A0105', 'Watching', '23-Sep-2020 02:00:00PM', 'U00006'
);

/* INSERT QUERY NO: 106 */
INSERT INTO F21_S001_6_ACTIVITY_LOG(activityid, activity_type, activity_date_time, userid)
VALUES
(
'A0106', 'Watching', '12-Oct-2020 02:00:00PM', 'U00019'
);

/* INSERT QUERY NO: 107 */
INSERT INTO F21_S001_6_ACTIVITY_LOG(activityid, activity_type, activity_date_time, userid)
VALUES
(
'A0107', 'Watching', '01-Nov-2020 02:00:00PM', 'U00026'
);

/* INSERT QUERY NO: 108 */
INSERT INTO F21_S001_6_ACTIVITY_LOG(activityid, activity_type, activity_date_time, userid)
VALUES
(
'A0108', 'Watching', '13-Jan-2020 02:00:00PM', 'U00027'
);

-- Query to INSERT values in table F21_S001_6_STREAMING_ACTIVITY --

/* INSERT QUERY NO: 1 */
INSERT INTO F21_S001_6_STREAMING_ACTIVITY(Streaming_Activity, column_1, column_2, column_3, column_4, column_5, column_6, column_7, column_8, column_9, column_10)
VALUES
(
'streamid', 'location', 'audio_language', 'subtitle_language', 'screen_number', 'stream_resolution', 'movieid', 'review', 'stream_start_date_time', 'stream_end_date_time', 'userid'
);

/* INSERT QUERY NO: 2 */
INSERT INTO F21_S001_6_STREAMING_ACTIVITY(Streaming_Activity, column_1, column_2, column_3, column_4, column_5, column_6, column_7, column_8, column_9, column_10)
VALUES
(
'S0001', 'India', 'English', 'English', '2', '1080p', 'm005', 'NULL', '26-Nov-2020 02:00:00PM', '26-Nov-2020 03:45:00PM', 'U00010'
);

/* INSERT QUERY NO: 3 */
INSERT INTO F21_S001_6_STREAMING_ACTIVITY(Streaming_Activity, column_1, column_2, column_3, column_4, column_5, column_6, column_7, column_8, column_9, column_10)
VALUES
(
'S0002', 'India', 'English', 'English', '4', '4k', 'm005', 'Like', '27-Nov-2020 02:00:00PM', '27-Nov-2020 02:00:00PM', 'U00008'
);

/* INSERT QUERY NO: 4 */
INSERT INTO F21_S001_6_STREAMING_ACTIVITY(Streaming_Activity, column_1, column_2, column_3, column_4, column_5, column_6, column_7, column_8, column_9, column_10)
VALUES
(
'S0003', 'Mexico', 'English', 'English', '2', '1080p', 'm005', 'NULL', '28-Nov-2020 02:00:00PM', '28-Nov-2020 02:00:00PM', 'U00001'
);

/* INSERT QUERY NO: 5 */
INSERT INTO F21_S001_6_STREAMING_ACTIVITY(Streaming_Activity, column_1, column_2, column_3, column_4, column_5, column_6, column_7, column_8, column_9, column_10)
VALUES
(
'S0004', 'Spain', 'English', 'English', '2', '1080p', 'm022', 'Like', '29-Nov-2020 02:00:00PM', '29-Nov-2020 02:00:00PM', 'U00003'
);

/* INSERT QUERY NO: 6 */
INSERT INTO F21_S001_6_STREAMING_ACTIVITY(Streaming_Activity, column_1, column_2, column_3, column_4, column_5, column_6, column_7, column_8, column_9, column_10)
VALUES
(
'S0005', 'Mexico', 'English', 'English', '4', '4k', 'm019', 'Dislike', '25-Dec-2020 02:00:00PM', '25-Dec-2020 02:00:00PM', 'U00004'
);

/* INSERT QUERY NO: 7 */
INSERT INTO F21_S001_6_STREAMING_ACTIVITY(Streaming_Activity, column_1, column_2, column_3, column_4, column_5, column_6, column_7, column_8, column_9, column_10)
VALUES
(
'S0006', 'India', 'English', 'English', '4', '4k', 'm003', 'Like', '26-Dec-2020 02:00:00PM', '26-Dec-2020 02:00:00PM', 'U00008'
);

/* INSERT QUERY NO: 8 */
INSERT INTO F21_S001_6_STREAMING_ACTIVITY(Streaming_Activity, column_1, column_2, column_3, column_4, column_5, column_6, column_7, column_8, column_9, column_10)
VALUES
(
'S0007', 'United States', 'Telugu', 'English', '1', '480p', 'm013', 'Like', '27-Dec-2020 02:00:00PM', '27-Dec-2020 02:00:00PM', 'U00018'
);

/* INSERT QUERY NO: 9 */
INSERT INTO F21_S001_6_STREAMING_ACTIVITY(Streaming_Activity, column_1, column_2, column_3, column_4, column_5, column_6, column_7, column_8, column_9, column_10)
VALUES
(
'S0008', 'India', 'Tamil', 'Hindi', '1', '480p', 'm014', 'NULL', '28-Dec-2020 02:00:00PM', '28-Dec-2020 02:00:00PM', 'U00007'
);

/* INSERT QUERY NO: 10 */
INSERT INTO F21_S001_6_STREAMING_ACTIVITY(Streaming_Activity, column_1, column_2, column_3, column_4, column_5, column_6, column_7, column_8, column_9, column_10)
VALUES
(
'S0009', 'United States', 'Malayalam', 'English', '1', '480p', 'm025', 'Dislike', '30-Dec-2020 02:00:00PM', '30-Dec-2020 02:00:00PM', 'U00012'
);

/* INSERT QUERY NO: 11 */
INSERT INTO F21_S001_6_STREAMING_ACTIVITY(Streaming_Activity, column_1, column_2, column_3, column_4, column_5, column_6, column_7, column_8, column_9, column_10)
VALUES
(
'S0010', 'United States', 'English', 'English', '1', '480p', 'm009', 'Dislike', '31-Dec-2020 02:00:00PM', '31-Dec-2020 02:00:00PM', 'U00002'
);

/* INSERT QUERY NO: 12 */
INSERT INTO F21_S001_6_STREAMING_ACTIVITY(Streaming_Activity, column_1, column_2, column_3, column_4, column_5, column_6, column_7, column_8, column_9, column_10)
VALUES
(
'S0011', 'United States', 'English', 'English', '2', '1080p', 'm022', 'Like', '31-Dec-2020 02:00:00PM', '31-Dec-2020 02:00:00PM', 'U00014'
);

/* INSERT QUERY NO: 13 */
INSERT INTO F21_S001_6_STREAMING_ACTIVITY(Streaming_Activity, column_1, column_2, column_3, column_4, column_5, column_6, column_7, column_8, column_9, column_10)
VALUES
(
'S0012', 'United States', 'Telugu', 'English', '2', '1080p', 'm001', 'Dislike', '30-Dec-2020 02:00:00PM', '30-Dec-2020 02:00:00PM', 'U00014'
);

/* INSERT QUERY NO: 14 */
INSERT INTO F21_S001_6_STREAMING_ACTIVITY(Streaming_Activity, column_1, column_2, column_3, column_4, column_5, column_6, column_7, column_8, column_9, column_10)
VALUES
(
'S0013', 'India', 'Hindi', 'Hindi', '2', '1080p', 'm029', 'Like', '26-Nov-2020 02:00:00PM', '26-Nov-2020 02:00:00PM', 'U00011'
);

/* INSERT QUERY NO: 15 */
INSERT INTO F21_S001_6_STREAMING_ACTIVITY(Streaming_Activity, column_1, column_2, column_3, column_4, column_5, column_6, column_7, column_8, column_9, column_10)
VALUES
(
'S0014', 'India', 'Telugu', 'Telugu', '2', '1080p', 'm007', 'NULL', '27-Nov-2020 02:00:00PM', '27-Nov-2020 02:00:00PM', 'U00011'
);

/* INSERT QUERY NO: 16 */
INSERT INTO F21_S001_6_STREAMING_ACTIVITY(Streaming_Activity, column_1, column_2, column_3, column_4, column_5, column_6, column_7, column_8, column_9, column_10)
VALUES
(
'S0015', 'India', 'Spanish', 'English', '2', '1080p', 'm015', 'Like', '26-Nov-2020 02:00:00PM', '26-Nov-2020 02:00:00PM', 'U00011'
);

/* INSERT QUERY NO: 17 */
INSERT INTO F21_S001_6_STREAMING_ACTIVITY(Streaming_Activity, column_1, column_2, column_3, column_4, column_5, column_6, column_7, column_8, column_9, column_10)
VALUES
(
'S0016', 'India', 'English', 'Tamil', '4', '4k', 'm016', 'Dislike', '26-Nov-2020 02:00:00PM', '26-Nov-2020 02:00:00PM', 'U00013'
);

/* INSERT QUERY NO: 18 */
INSERT INTO F21_S001_6_STREAMING_ACTIVITY(Streaming_Activity, column_1, column_2, column_3, column_4, column_5, column_6, column_7, column_8, column_9, column_10)
VALUES
(
'S0017', 'India', 'Spanish', 'Tamil', '4', '4k', 'm018', 'Like', '07-Sep-2020 02:00:00PM', '07-Sep-2020 02:00:00PM', 'U00013'
);

/* INSERT QUERY NO: 19 */
INSERT INTO F21_S001_6_STREAMING_ACTIVITY(Streaming_Activity, column_1, column_2, column_3, column_4, column_5, column_6, column_7, column_8, column_9, column_10)
VALUES
(
'S0018', 'United States', 'Malayalam', 'English', '2', '1080p', 'm010', 'Like', '07-Sep-2020 02:00:00PM', '07-Sep-2020 02:00:00PM', 'U00015'
);

/* INSERT QUERY NO: 20 */
INSERT INTO F21_S001_6_STREAMING_ACTIVITY(Streaming_Activity, column_1, column_2, column_3, column_4, column_5, column_6, column_7, column_8, column_9, column_10)
VALUES
(
'S0019', 'India', 'Telugu', 'Tamil', '4', '4k', 'm001', 'Like', '07-Sep-2020 02:00:00PM', '07-Sep-2020 02:00:00PM', 'U00013'
);

/* INSERT QUERY NO: 21 */
INSERT INTO F21_S001_6_STREAMING_ACTIVITY(Streaming_Activity, column_1, column_2, column_3, column_4, column_5, column_6, column_7, column_8, column_9, column_10)
VALUES
(
'S0020', 'India', 'English', 'Tamil', '4', '4k', 'm005', 'NULL', '07-Sep-2020 02:00:00PM', '07-Sep-2020 02:00:00PM', 'U00013'
);

/* INSERT QUERY NO: 22 */
INSERT INTO F21_S001_6_STREAMING_ACTIVITY(Streaming_Activity, column_1, column_2, column_3, column_4, column_5, column_6, column_7, column_8, column_9, column_10)
VALUES
(
'S0021', 'United States', 'English', 'English', '2', '1080p', 'm019', 'Like', '25-May-2020 02:00:00PM', '25-May-2020 02:00:00PM', 'U00014'
);

/* INSERT QUERY NO: 23 */
INSERT INTO F21_S001_6_STREAMING_ACTIVITY(Streaming_Activity, column_1, column_2, column_3, column_4, column_5, column_6, column_7, column_8, column_9, column_10)
VALUES
(
'S0022', 'United States', 'Malayalam', 'English', '2', '1080p', 'm012', 'Dislike', '25-May-2020 02:00:00PM', '25-May-2020 02:00:00PM', 'U00015'
);

/* INSERT QUERY NO: 24 */
INSERT INTO F21_S001_6_STREAMING_ACTIVITY(Streaming_Activity, column_1, column_2, column_3, column_4, column_5, column_6, column_7, column_8, column_9, column_10)
VALUES
(
'S0023', 'India', 'English', 'Telugu', '4', '4k', 'm005', 'NULL', '25-May-2020 02:00:00PM', '25-May-2020 02:00:00PM', 'U00016'
);

/* INSERT QUERY NO: 25 */
INSERT INTO F21_S001_6_STREAMING_ACTIVITY(Streaming_Activity, column_1, column_2, column_3, column_4, column_5, column_6, column_7, column_8, column_9, column_10)
VALUES
(
'S0024', 'India', 'English', 'Malayalam', '2', '1080p', 'm009', 'NULL', '26-Jan-2020 02:00:00PM', '26-Jan-2020 02:00:00PM', 'U00017'
);

/* INSERT QUERY NO: 26 */
INSERT INTO F21_S001_6_STREAMING_ACTIVITY(Streaming_Activity, column_1, column_2, column_3, column_4, column_5, column_6, column_7, column_8, column_9, column_10)
VALUES
(
'S0025', 'United States', 'English', 'English', '1', '480p', 'm005', 'NULL', '26-Jan-2020 02:00:00PM', '26-Jan-2020 02:00:00PM', 'U00018'
);

/* INSERT QUERY NO: 27 */
INSERT INTO F21_S001_6_STREAMING_ACTIVITY(Streaming_Activity, column_1, column_2, column_3, column_4, column_5, column_6, column_7, column_8, column_9, column_10)
VALUES
(
'S0026', 'United States', 'Spanish', 'English', '4', '4k', 'm015', 'Dislike', '26-Jan-2020 02:00:00PM', '26-Jan-2020 02:00:00PM', 'U00019'
);

/* INSERT QUERY NO: 28 */
INSERT INTO F21_S001_6_STREAMING_ACTIVITY(Streaming_Activity, column_1, column_2, column_3, column_4, column_5, column_6, column_7, column_8, column_9, column_10)
VALUES
(
'S0027', 'India', 'Hindi', 'Hindi', '2', '1080p', 'm002', 'NULL', '02-Oct-2020 02:00:00PM', '02-Oct-2020 02:00:00PM', 'U00020'
);

/* INSERT QUERY NO: 29 */
INSERT INTO F21_S001_6_STREAMING_ACTIVITY(Streaming_Activity, column_1, column_2, column_3, column_4, column_5, column_6, column_7, column_8, column_9, column_10)
VALUES
(
'S0028', 'United States', 'English', 'Spanish', '4', '4k', 'm016', 'NULL', '02-Oct-2020 02:00:00PM', '02-Oct-2020 02:00:00PM', 'U00021'
);

/* INSERT QUERY NO: 30 */
INSERT INTO F21_S001_6_STREAMING_ACTIVITY(Streaming_Activity, column_1, column_2, column_3, column_4, column_5, column_6, column_7, column_8, column_9, column_10)
VALUES
(
'S0029', 'India', 'Telugu', 'Hindi', '1', '480p', 'm024', 'Dislike', '02-Oct-2020 02:00:00PM', '02-Oct-2020 02:00:00PM', 'U00022'
);

/* INSERT QUERY NO: 31 */
INSERT INTO F21_S001_6_STREAMING_ACTIVITY(Streaming_Activity, column_1, column_2, column_3, column_4, column_5, column_6, column_7, column_8, column_9, column_10)
VALUES
(
'S0030', 'India', 'Telugu', 'Tamil', '2', '1080p', 'm027', 'NULL', '02-Oct-2020 02:00:00PM', '02-Oct-2020 02:00:00PM', 'U00023'
);

/* INSERT QUERY NO: 32 */
INSERT INTO F21_S001_6_STREAMING_ACTIVITY(Streaming_Activity, column_1, column_2, column_3, column_4, column_5, column_6, column_7, column_8, column_9, column_10)
VALUES
(
'S0031', 'India', 'Spanish', 'English', '4', '4k', 'm018', 'Dislike', '14-Nov-2020 02:00:00PM', '14-Nov-2020 02:00:00PM', 'U00024'
);

/* INSERT QUERY NO: 33 */
INSERT INTO F21_S001_6_STREAMING_ACTIVITY(Streaming_Activity, column_1, column_2, column_3, column_4, column_5, column_6, column_7, column_8, column_9, column_10)
VALUES
(
'S0032', 'United States', 'Malayalam', 'English', '1', '480p', 'm012', 'NULL', '14-Nov-2020 02:00:00PM', '14-Nov-2020 02:00:00PM', 'U00025'
);

/* INSERT QUERY NO: 34 */
INSERT INTO F21_S001_6_STREAMING_ACTIVITY(Streaming_Activity, column_1, column_2, column_3, column_4, column_5, column_6, column_7, column_8, column_9, column_10)
VALUES
(
'S0033', 'India', 'English', 'Spanish', '2', '1080p', 'm009', 'Like', '29-Feb-2020 02:00:00PM', '29-Feb-2020 02:00:00PM', 'U00026'
);

/* INSERT QUERY NO: 35 */
INSERT INTO F21_S001_6_STREAMING_ACTIVITY(Streaming_Activity, column_1, column_2, column_3, column_4, column_5, column_6, column_7, column_8, column_9, column_10)
VALUES
(
'S0034', 'India', 'English', 'Telugu', '4', '4k', 'm011', 'Like', '21-Mar-2020 02:00:00PM', '21-Mar-2020 02:00:00PM', 'U00027'
);

/* INSERT QUERY NO: 36 */
INSERT INTO F21_S001_6_STREAMING_ACTIVITY(Streaming_Activity, column_1, column_2, column_3, column_4, column_5, column_6, column_7, column_8, column_9, column_10)
VALUES
(
'S0035', 'United States', 'English', 'Spanish', '4', '4k', 'm009', 'Dislike', '09-Apr-2020 02:00:00PM', '09-Apr-2020 02:00:00PM', 'U00028'
);

/* INSERT QUERY NO: 37 */
INSERT INTO F21_S001_6_STREAMING_ACTIVITY(Streaming_Activity, column_1, column_2, column_3, column_4, column_5, column_6, column_7, column_8, column_9, column_10)
VALUES
(
'S0036', 'United States', 'Hindi', 'English', '1', '480p', 'm017', 'Like', '30-May-2020 02:00:00PM', '30-May-2020 02:00:00PM', 'U00029'
);

/* INSERT QUERY NO: 38 */
INSERT INTO F21_S001_6_STREAMING_ACTIVITY(Streaming_Activity, column_1, column_2, column_3, column_4, column_5, column_6, column_7, column_8, column_9, column_10)
VALUES
(
'S0037', 'India', 'Hindi', 'Telugu', '2', '1080p', 'm002', 'Like', '09-Jun-2020 02:00:00PM', '09-Jun-2020 02:00:00PM', 'U00030'
);

/* INSERT QUERY NO: 39 */
INSERT INTO F21_S001_6_STREAMING_ACTIVITY(Streaming_Activity, column_1, column_2, column_3, column_4, column_5, column_6, column_7, column_8, column_9, column_10)
VALUES
(
'S0038', 'United States', 'Tamil', 'English', '4', '4k', 'm014', 'Dislike', '17-Jul-2020 02:00:00PM', '17-Jul-2020 02:00:00PM', 'U00021'
);

/* INSERT QUERY NO: 40 */
INSERT INTO F21_S001_6_STREAMING_ACTIVITY(Streaming_Activity, column_1, column_2, column_3, column_4, column_5, column_6, column_7, column_8, column_9, column_10)
VALUES
(
'S0039', 'Mexico', 'Hindi', 'Spanish', '4', '4k', 'm017', 'Like', '31-Aug-2020 02:00:00PM', '31-Aug-2020 02:00:00PM', 'U00004'
);

/* INSERT QUERY NO: 41 */
INSERT INTO F21_S001_6_STREAMING_ACTIVITY(Streaming_Activity, column_1, column_2, column_3, column_4, column_5, column_6, column_7, column_8, column_9, column_10)
VALUES
(
'S0040', 'Spain', 'Telugu', 'Spanish', '2', '1080p', 'm013', 'NULL', '23-Sep-2020 02:00:00PM', '23-Sep-2020 02:00:00PM', 'U00003'
);

/* INSERT QUERY NO: 42 */
INSERT INTO F21_S001_6_STREAMING_ACTIVITY(Streaming_Activity, column_1, column_2, column_3, column_4, column_5, column_6, column_7, column_8, column_9, column_10)
VALUES
(
'S0041', 'United States', 'English', 'French', '2', '1080p', 'm011', 'Like', '12-Oct-2020 02:00:00PM', '12-Oct-2020 02:00:00PM', 'U00006'
);

/* INSERT QUERY NO: 43 */
INSERT INTO F21_S001_6_STREAMING_ACTIVITY(Streaming_Activity, column_1, column_2, column_3, column_4, column_5, column_6, column_7, column_8, column_9, column_10)
VALUES
(
'S0042', 'India', 'Malayalam', 'Telugu', '1', '480p', 'm025', 'NULL', '01-Nov-2020 02:00:00PM', '01-Nov-2020 02:00:00PM', 'U00007'
);

/* INSERT QUERY NO: 44 */
INSERT INTO F21_S001_6_STREAMING_ACTIVITY(Streaming_Activity, column_1, column_2, column_3, column_4, column_5, column_6, column_7, column_8, column_9, column_10)
VALUES
(
'S0043', 'India', 'Telugu', 'Hindi', '4', '4k', 'm024', 'Like', '13-Jan-2020 02:00:00PM', '13-Jan-2020 02:00:00PM', 'U00008'
);

/* INSERT QUERY NO: 45 */
INSERT INTO F21_S001_6_STREAMING_ACTIVITY(Streaming_Activity, column_1, column_2, column_3, column_4, column_5, column_6, column_7, column_8, column_9, column_10)
VALUES
(
'S0044', 'India', 'English', 'Hindi', '2', '1080p', 'm022', 'Like', '29-Feb-2020 02:00:00PM', '29-Feb-2020 02:00:00PM', 'U00009'
);

/* INSERT QUERY NO: 46 */
INSERT INTO F21_S001_6_STREAMING_ACTIVITY(Streaming_Activity, column_1, column_2, column_3, column_4, column_5, column_6, column_7, column_8, column_9, column_10)
VALUES
(
'S0045', 'India', 'English', 'Malayalam', '2', '1080p', 'm005', 'NULL', '21-Mar-2020 02:00:00PM', '21-Mar-2020 02:00:00PM', 'U00010'
);

/* INSERT QUERY NO: 47 */
INSERT INTO F21_S001_6_STREAMING_ACTIVITY(Streaming_Activity, column_1, column_2, column_3, column_4, column_5, column_6, column_7, column_8, column_9, column_10)
VALUES
(
'S0046', 'United States', 'Hindi', 'Spanish', '1', '480p', 'm029', 'NULL', '09-Apr-2020 02:00:00PM', '09-Apr-2020 02:00:00PM', 'U00012'
);

/* INSERT QUERY NO: 48 */
INSERT INTO F21_S001_6_STREAMING_ACTIVITY(Streaming_Activity, column_1, column_2, column_3, column_4, column_5, column_6, column_7, column_8, column_9, column_10)
VALUES
(
'S0047', 'United States', 'English', 'French', '2', '1080p', 'm006', 'NULL', '30-May-2020 02:00:00PM', '30-May-2020 02:00:00PM', 'U00015'
);

/* INSERT QUERY NO: 49 */
INSERT INTO F21_S001_6_STREAMING_ACTIVITY(Streaming_Activity, column_1, column_2, column_3, column_4, column_5, column_6, column_7, column_8, column_9, column_10)
VALUES
(
'S0048', 'India', 'Hindi', 'Hindi', '4', '4k', 'm002', 'NULL', '09-Jun-2020 02:00:00PM', '09-Jun-2020 02:00:00PM', 'U00016'
);

/* INSERT QUERY NO: 50 */
INSERT INTO F21_S001_6_STREAMING_ACTIVITY(Streaming_Activity, column_1, column_2, column_3, column_4, column_5, column_6, column_7, column_8, column_9, column_10)
VALUES
(
'S0049', 'India', 'English', 'Tamil', '2', '1080p', 'm006', 'NULL', '17-Jul-2020 02:00:00PM', '17-Jul-2020 02:00:00PM', 'U00017'
);

/* INSERT QUERY NO: 51 */
INSERT INTO F21_S001_6_STREAMING_ACTIVITY(Streaming_Activity, column_1, column_2, column_3, column_4, column_5, column_6, column_7, column_8, column_9, column_10)
VALUES
(
'S0050', 'United States', 'Telugu', 'English', '1', '480p', 'm001', 'Dislike', '31-Aug-2020 02:00:00PM', '31-Aug-2020 02:00:00PM', 'U00018'
);

/* INSERT QUERY NO: 52 */
INSERT INTO F21_S001_6_STREAMING_ACTIVITY(Streaming_Activity, column_1, column_2, column_3, column_4, column_5, column_6, column_7, column_8, column_9, column_10)
VALUES
(
'S0051', 'United States', 'Telugu', 'Spanish', '2', '1080p', 'm021', 'Dislike', '23-Sep-2020 02:00:00PM', '23-Sep-2020 02:00:00PM', 'U00006'
);

/* INSERT QUERY NO: 53 */
INSERT INTO F21_S001_6_STREAMING_ACTIVITY(Streaming_Activity, column_1, column_2, column_3, column_4, column_5, column_6, column_7, column_8, column_9, column_10)
VALUES
(
'S0052', 'United States', 'Spanish', 'English', '4', '4k', 'm015', 'Dislike', '12-Oct-2020 02:00:00PM', '12-Oct-2020 02:00:00PM', 'U00019'
);

/* INSERT QUERY NO: 54 */
INSERT INTO F21_S001_6_STREAMING_ACTIVITY(Streaming_Activity, column_1, column_2, column_3, column_4, column_5, column_6, column_7, column_8, column_9, column_10)
VALUES
(
'S0053', 'India', 'Hindi', 'Malayalam', '2', '1080p', 'm017', 'NULL', '01-Nov-2020 02:00:00PM', '01-Nov-2020 02:00:00PM', 'U00026'
);

/* INSERT QUERY NO: 55 */
INSERT INTO F21_S001_6_STREAMING_ACTIVITY(Streaming_Activity, column_1, column_2, column_3, column_4, column_5, column_6, column_7, column_8, column_9, column_10)
VALUES
(
'S0054', 'India', 'Telugu', 'Telugu', '4', '4k', 'm024', 'Dislike', '13-Jan-2020 02:00:00PM', '13-Jan-2020 02:00:00PM', 'U00027'
);

-- Query to INSERT values in table F21_S001_6_MOVIES --

INSERT INTO F21_S001_6_MOVIES VALUES('m001', 'Bulletproof 2', 'Action ', '97 min', '9-Jan-20', 'Don Michael Paul', 'Faizon Love', 'Adult', 'English', '90min – 120 min', 'TV-MA');

INSERT INTO F21_S001_6_MOVIES VALUES('m002', '"Live Twice Love Once', 'Comedy', '102 min', '7-Jan-20', 'Maria Ripoll', 'Oscar Marta­nez', 'Adult', 'Spainish', '90min – 120 min','TV-MA');

INSERT INTO F21_S001_6_MOVIES VALUES('m003', 'All the Freckles in the World', 'Comedy', '90 min', '3-Jan-20', 'Yibrain Asuad', 'Daniel Haddad', 'Teen', 'Spainish', '90min – 120 min', 'TV-14');

INSERT INTO F21_S001_6_MOVIES VALUES('m004', 'A Fall from Grace', 'Drama', '121 min', '17-Jan-20', 'Tyler Perry', 'Crystal Fox', 'Adult', 'French', '120 min – 150 min', 'TV-MA');

INSERT INTO F21_S001_6_MOVIES VALUES('m005', 'Leslie Jones: Time Machine', ' Comedy', '135 min', '14-Jan-20', 'David Benioff', 'Leslie Jones', 'Adult', 'English', '120 min – 150 min', 'TV-MA');

INSERT INTO F21_S001_6_MOVIES VALUES('m006', 'Ghost Stories', 'Horror ', '145 min', '1-Jan-20', 'Anurag Kashyap', 'Janhvi Kapoor', 'Adult', 'Hindi', '120 min – 150 min', 'TV-MA');

INSERT INTO F21_S001_6_MOVIES VALUES('m007', 'Norm of the North: King Sized Adventure', 'Comedy', '90 min', '9-Sep-19', 'Richard Finn', 'Alan Marriott', 'Teen', 'Malayalam', '90min – 120 min', 'TV-PG');

INSERT INTO F21_S001_6_MOVIES VALUES('m008', 'Article 15', 'Thriller', '125 min', '6-Sep-19', 'Anubhav Sinha', 'Ayushmann Khurrana', 'Adult', 'Telugu', '120 min – 150 min', 'TV-MA');

INSERT INTO F21_S001_6_MOVIES VALUES('m009', 'Kill Me If You Dare', 'Romantic', '100 min', '6-Sep-19', 'Tim Maltby', 'Murat Boz', 'Teen', 'Hindi', '90min – 120 min', 'TV-14');

INSERT INTO F21_S001_6_MOVIES VALUES('m010', 'American Factory: A Conversation with the Obamas', 'Thriller', '156 min', '5-Sep-19', '', 'President Barack Obama', 'Kid', 'Tamil', '150min – 180min', 'TV-G');

INSERT INTO F21_S001_6_MOVIES VALUES('m011', 'The World We Make', 'Drama', '108 min', '4-Sep-19', 'Brian Baugh', 'Caleb Castille', 'Teen', 'English', '90min – 120 min', 'PG');

INSERT INTO F21_S001_6_MOVIES VALUES('m012', 'Watchman', 'Comedy', '93 min', '4-Sep-19', 'A. L. Vijay', 'G.V. Prakash Kumar', 'Teen', 'Kannada', '90min – 120 min', 'TV-14');

INSERT INTO F21_S001_6_MOVIES VALUES('m013', 'Mo Gilligan: Momentum', 'Comedy', '164 min', '30-Sep-19', 'Chris Howe', 'Mo Gilligan', 'Adult', 'English', '150min – 180min', 'TV-MA');

INSERT INTO F21_S001_6_MOVIES VALUES('m014', 'Cultivating the Seas: History and Future of the Full-Cycle Cultured Kindai Tuna', 'Thriller', '145 min', '28-Sep-19', 'Mana Yasuda', '', 'Kid', 'Russian', '120 min – 150 min', 'TV-G');

INSERT INTO F21_S001_6_MOVIES VALUES('m015', 'Domino', 'Drama', '189 min', '28-Sep-19', 'Brian De Palma', 'Nikolaj Coster-Waldau', 'Adult', 'French', 'more than 180 min', 'R');

INSERT INTO F21_S001_6_MOVIES VALUES('m016', 'TUNA GIRL', 'Drama', '90 min', '28-Sep-19', 'Mana Yasuda', 'Fuka Koshiba', 'Teen', 'German', '90min – 120 min', 'TV-PG');

INSERT INTO F21_S001_6_MOVIES VALUES('m017', 'In the Shadow of the Moon', ' Sci-Fi  ', '116 min', '27-Sep-19', 'Jim Mickle', 'Boyd Holbrook', 'Adult', 'English', '90min – 120 min', 'TV-MA');

INSERT INTO F21_S001_6_MOVIES VALUES('m018', 'Sturgill Simpson Presents Sound Fury', 'Romantic', '142 min', '27-Sep-19', 'Jumpei Mizusaki', '', 'Adult', 'Telugu', '120 min – 150 min', 'TV-MA');

INSERT INTO F21_S001_6_MOVIES VALUES('m019', 'Malaal', 'Comedy', '133 min', '26-Sep-19', 'Mangesh Hadawale', 'Meezaan Jaffrey', 'Teen', 'Hindi', '120 min – 150 min', 'TV-14');

INSERT INTO F21_S001_6_MOVIES VALUES('m020', 'Birders', 'Horror ', '138 min', '25-Sep-19', 'Otilia Portillo Padua', '', 'Kid', 'Tamil', '120 min – 150 min', 'TV-G');

INSERT INTO F21_S001_6_MOVIES VALUES('m021', 'Furie', 'Action', '97 min', '25-Sep-19', 'Le Van Kiet', 'Ngo Thanh Van', 'Adult', 'Vietnamese', '90min – 120 min', 'TV-MA');

INSERT INTO F21_S001_6_MOVIES VALUES('m022', 'Oh! Baby (Malayalam)', 'Comedy', '146 min', '25-Sep-19', 'B. V. Nandini Reddy', 'Samantha Ruth Prabhu', 'Teen', 'Kannada', '120 min – 150 min', 'TV-14');

INSERT INTO F21_S001_6_MOVIES VALUES('m023', 'Oh! Baby (Tamil)', 'Thriller', '146 min', '25-Sep-19', 'B. V. Nandini Reddy', 'Samantha Ruth Prabhu', 'Teen', 'Malayalam', '120 min – 150 min', 'TV-14');

INSERT INTO F21_S001_6_MOVIES VALUES('m024', 'Inside Man: Most Wanted', 'Action', '106 min', '24-Sep-19', 'Michael J. Bassett', 'Aml Ameen', 'Adult', 'French', '90min – 120 min', 'R');

INSERT INTO F21_S001_6_MOVIES VALUES('m025', 'Jeff Dunham: Beside Himself', 'Comedy', '158 min', '24-Sep-19', 'Troy Miller', 'Jeff Dunham', 'Adult', 'German', '150min – 180min', 'TV-MA');

INSERT INTO F21_S001_6_MOVIES VALUES('m026', 'Manmadhudu 2', 'Drama', '152 min', '23-Sep-19', 'Rahul Ravindran', 'Nagarjuna Akkineni', 'Adult', 'Vietnamese', '150min – 180min', 'TV-MA');

INSERT INTO F21_S001_6_MOVIES VALUES('m027', 'Between Two Ferns: The Movie', 'Comedy', '113 min', '20-Sep-19', 'Scott Aukerman', 'Zach Galifianakis', 'Adult', 'Spainish', '90min – 120 min', 'TV-MA');

INSERT INTO F21_S001_6_MOVIES VALUES('m028', 'Daddy Issues', 'Drama', '132 min', '20-Sep-19', 'Amara Cash', 'Madison Lawlor', 'Adult', 'English', '120 min – 150 min', 'TV-MA');

INSERT INTO F21_S001_6_MOVIES VALUES('m029', 'True: Tricky Treat Day', 'Thriller', '111 min', '20-Sep-19', '', 'Michela Luci', 'kid', 'Telugu', '90min – 120 min', 'TV-Y');




-- Query to INSERT values in table F21_S001_6_LANGUAGE --


INSERT INTO F21_S001_6_LANGUAGE VALUES('Telugu', 'Yes', 'Yes');

INSERT INTO F21_S001_6_LANGUAGE VALUES('Hindi', 'Yes', 'Yes');

INSERT INTO F21_S001_6_LANGUAGE VALUES('English', 'Yes', 'Yes');

INSERT INTO F21_S001_6_LANGUAGE VALUES('Malayalam', 'Yes', 'Yes');

INSERT INTO F21_S001_6_LANGUAGE VALUES('Tamil', 'Yes', 'Yes');

INSERT INTO F21_S001_6_LANGUAGE VALUES('Spanish', 'Yes', 'Yes');

INSERT INTO F21_S001_6_LANGUAGE VALUES('French', 'No', 'Yes');

INSERT INTO F21_S001_6_LANGUAGE VALUES('Russian', 'No', 'Yes');

INSERT INTO F21_S001_6_LANGUAGE VALUES('Chinese', 'No', 'Yes');

INSERT INTO F21_S001_6_LANGUAGE VALUES('Kannada', 'Yes', 'No');

INSERT INTO F21_S001_6_LANGUAGE VALUES('Marathi', 'Yes', 'No');

INSERT INTO F21_S001_6_LANGUAGE VALUES('Japanese', 'No', 'Yes');

INSERT INTO F21_S001_6_LANGUAGE VALUES('German', 'No', 'Yes');

INSERT INTO F21_S001_6_LANGUAGE VALUES('Punjabi', 'No', 'Yes');

INSERT INTO F21_S001_6_LANGUAGE VALUES('Vietnamese', 'No', 'Yes');

INSERT INTO F21_S001_6_LANGUAGE VALUES('Korean', 'No', 'Yes');

INSERT INTO F21_S001_6_LANGUAGE VALUES('Gujarathi', 'No', 'Yes');

INSERT INTO F21_S001_6_LANGUAGE VALUES('Arabic', 'No', 'Yes');

INSERT INTO F21_S001_6_LANGUAGE VALUES('Nepali', 'No', 'Yes');

INSERT INTO F21_S001_6_LANGUAGE VALUES('Greek', 'No', 'Yes');


-- Query to INSERT values in table F21_S001_6_LANGUAGE_MOVIES --


INSERT INTO F21_S001_6_LANGUAGE_MOVIES VALUES('m001', 'Telugu');

INSERT INTO F21_S001_6_LANGUAGE_MOVIES VALUES('m002', 'Hindi');

INSERT INTO F21_S001_6_LANGUAGE_MOVIES VALUES('m003', 'English');

INSERT INTO F21_S001_6_LANGUAGE_MOVIES VALUES('m004', 'Malayalam');

INSERT INTO F21_S001_6_LANGUAGE_MOVIES VALUES('m005', 'English');

INSERT INTO F21_S001_6_LANGUAGE_MOVIES VALUES('m006', 'English');

INSERT INTO F21_S001_6_LANGUAGE_MOVIES VALUES('m007', 'Telugu');

INSERT INTO F21_S001_6_LANGUAGE_MOVIES VALUES('m008', 'Tamil');

INSERT INTO F21_S001_6_LANGUAGE_MOVIES VALUES('m009', 'English');

INSERT INTO F21_S001_6_LANGUAGE_MOVIES VALUES('m010', 'Malayalam');

INSERT INTO F21_S001_6_LANGUAGE_MOVIES VALUES('m011', 'English');

INSERT INTO F21_S001_6_LANGUAGE_MOVIES VALUES('m012', 'Malayalam');

INSERT INTO F21_S001_6_LANGUAGE_MOVIES VALUES('m013', 'Telugu');

INSERT INTO F21_S001_6_LANGUAGE_MOVIES VALUES('m014', 'Tamil');

INSERT INTO F21_S001_6_LANGUAGE_MOVIES VALUES('m015', 'Spanish');

INSERT INTO F21_S001_6_LANGUAGE_MOVIES VALUES('m016', 'English');

INSERT INTO F21_S001_6_LANGUAGE_MOVIES VALUES('m017', 'Hindi');

INSERT INTO F21_S001_6_LANGUAGE_MOVIES VALUES('m018', 'Spanish');

INSERT INTO F21_S001_6_LANGUAGE_MOVIES VALUES('m019', 'English');

INSERT INTO F21_S001_6_LANGUAGE_MOVIES VALUES('m020', 'English');

INSERT INTO F21_S001_6_LANGUAGE_MOVIES VALUES('m021', 'Telugu');

INSERT INTO F21_S001_6_LANGUAGE_MOVIES VALUES('m022', 'English');

INSERT INTO F21_S001_6_LANGUAGE_MOVIES VALUES('m023', 'Spanish');

INSERT INTO F21_S001_6_LANGUAGE_MOVIES VALUES('m024', 'Telugu');

INSERT INTO F21_S001_6_LANGUAGE_MOVIES VALUES('m025', 'Malayalam');

INSERT INTO F21_S001_6_LANGUAGE_MOVIES VALUES('m026', 'Spanish');

INSERT INTO F21_S001_6_LANGUAGE_MOVIES VALUES('m027', 'Telugu');

INSERT INTO F21_S001_6_LANGUAGE_MOVIES VALUES('m028', 'English');

INSERT INTO F21_S001_6_LANGUAGE_MOVIES VALUES('m029', 'Hindi');
